insert into user(user_id,user_email,user_password,user_role) values (0,'user0@localhost','cfcd208495d565ef66e7dff9f98764da','ROLE_ADMIN');
insert into user(user_id,user_email,user_password,user_role) values (1,'user1@localhost','cfcd208495d565ef66e7dff9f98764da','ROLE_USER');
insert into user(user_id,user_email,user_password,user_role) values (2,'user2@localhost','cfcd208495d565ef66e7dff9f98764da','ROLE_USER');
insert into user(user_id,user_email,user_password,user_role) values (3,'user3@localhost','cfcd208495d565ef66e7dff9f98764da','ROLE_USER');
insert into user(user_id,user_email,user_password,user_role) values (4,'user4@localhost','cfcd208495d565ef66e7dff9f98764da','ROLE_USER');
insert into user(user_id,user_email,user_password,user_role) values (100,'user100@localhost','cfcd208495d565ef66e7dff9f98764da','ROLE_USER');
insert into user(user_id,user_email,user_password,user_role) values (101,'user101@localhost','cfcd208495d565ef66e7dff9f98764da','ROLE_USER');
insert into user(user_id,user_email,user_password,user_role) values (102,'user102@localhost','cfcd208495d565ef66e7dff9f98764da','ROLE_USER');
insert into user(user_id,user_email,user_password,user_role) values (103,'user103@localhost','cfcd208495d565ef66e7dff9f98764da','ROLE_USER');
insert into user(user_id,user_email,user_password,user_role) values (104,'user104@localhost','cfcd208495d565ef66e7dff9f98764da','ROLE_USER');
insert into user(user_id,user_email,user_password,user_role) values (105,'user105@localhost','cfcd208495d565ef66e7dff9f98764da','ROLE_USER');
insert into user(user_id,user_email,user_password,user_role) values (106,'user106@localhost','cfcd208495d565ef66e7dff9f98764da','ROLE_USER');
insert into user(user_id,user_email,user_password,user_role) values (107,'user107@localhost','cfcd208495d565ef66e7dff9f98764da','ROLE_USER');
insert into user(user_id,user_email,user_password,user_role) values (108,'user108@localhost','cfcd208495d565ef66e7dff9f98764da','ROLE_USER');
insert into user(user_id,user_email,user_password,user_role) values (109,'user109@localhost','cfcd208495d565ef66e7dff9f98764da','ROLE_USER');
insert into user(user_id,user_email,user_password,user_role) values (110,'user110@localhost','cfcd208495d565ef66e7dff9f98764da','ROLE_USER');
insert into user(user_id,user_email,user_password,user_role) values (111,'user111@localhost','cfcd208495d565ef66e7dff9f98764da','ROLE_USER');
insert into user(user_id,user_email,user_password,user_role) values (112,'user112@localhost','cfcd208495d565ef66e7dff9f98764da','ROLE_USER');
insert into user(user_id,user_email,user_password,user_role) values (113,'user113@localhost','cfcd208495d565ef66e7dff9f98764da','ROLE_USER');
insert into user(user_id,user_email,user_password,user_role) values (114,'user114@localhost','cfcd208495d565ef66e7dff9f98764da','ROLE_USER');
insert into user(user_id,user_email,user_password,user_role) values (115,'user115@localhost','cfcd208495d565ef66e7dff9f98764da','ROLE_USER');
insert into user(user_id,user_email,user_password,user_role) values (116,'user116@localhost','cfcd208495d565ef66e7dff9f98764da','ROLE_USER');

INSERT INTO feed (feed_id,feed_title,feed_url,feed_last_modified,feed_fetched,feed_created_at) VALUES (0,'The Java Posse','http://feeds.feedburner.com/javaposse','Thu, 27 Mar 2014 13:23:32 GMT',282,to_timestamp('2011-04-15 22:20:46','YYYY-MM-DD HH:MI:SS'));
INSERT INTO feed (feed_id,feed_title,feed_url,feed_last_modified,feed_fetched,feed_created_at) VALUES (1,'dzone.com: latest front page','http://feeds.dzone.com/dzone/frontpage','Thu, 27 Mar 2014 14:11:00 GMT',30167,to_timestamp('2011-04-15 22:20:46','YYYY-MM-DD HH:MI:SS'));
INSERT INTO feed (feed_id,feed_title,feed_url,feed_last_modified,feed_fetched,feed_created_at) VALUES (2,'Use The Index, Luke! blogs','http://use-the-index-luke.com/blog/feed',NULL,253,to_timestamp('2011-04-15 22:20:46','YYYY-MM-DD HH:MI:SS'));
INSERT INTO feed (feed_id,feed_title,feed_url,feed_last_modified,feed_fetched,feed_created_at) VALUES (3,'JAXenter ','http://it-republik.de/feed/?version=rss20&feed=jaxenter','Thu, 27 Mar 2014 12:45:31 +0000',2651,to_timestamp('2011-06-05 13:47:44','YYYY-MM-DD HH:MI:SS'));
INSERT INTO feed (feed_id,feed_title,feed_url,feed_last_modified,feed_fetched,feed_created_at) VALUES (4,'Nettuts+','http://feeds.feedburner.com/nettuts','Thu, 27 Mar 2014 14:03:54 GMT',748,to_timestamp('2011-06-06 09:47:20','YYYY-MM-DD HH:MI:SS'));
INSERT INTO feed (feed_id,feed_title,feed_url,feed_last_modified,feed_fetched,feed_created_at) VALUES (5,'High-Octane Java','http://www.obix-labs.com/blogs/highOctaneJava/feed/entries/atom',NULL,12,to_timestamp('2011-06-26 23:44:20','YYYY-MM-DD HH:MI:SS'));
INSERT INTO feed (feed_id,feed_title,feed_url,feed_last_modified,feed_fetched,feed_created_at) VALUES (6,'The Java(tm) Specialists Newsletter','http://www.javaspecialists.eu/archive/tjsn.rss',NULL,151,to_timestamp('2011-07-20 23:06:57','YYYY-MM-DD HH:MI:SS'));
INSERT INTO feed (feed_id,feed_title,feed_url,feed_last_modified,feed_fetched,feed_created_at) VALUES (7,'TomcatExpert blog','http://www.tomcatexpert.com/blog/feed','Thu, 27 Mar 2014 13:43:38 GMT',268,to_timestamp('2011-08-05 08:56:32','YYYY-MM-DD HH:MI:SS'));
INSERT INTO feed (feed_id,feed_title,feed_url,feed_last_modified,feed_fetched,feed_created_at) VALUES (8,'Martin Fowler','http://martinfowler.com/feed.atom','Tue, 25 Mar 2014 18:29:01 GMT',314,to_timestamp('2011-08-12 10:05:56','YYYY-MM-DD HH:MI:SS'));
INSERT INTO feed (feed_id,feed_title,feed_url,feed_last_modified,feed_fetched,feed_created_at) VALUES (9,'SpringSource Team Blog','http://feeds.feedburner.com/SpringSourceTeamBlog','Thu, 27 Mar 2014 14:09:33 GMT',291,to_timestamp('2011-11-07 08:56:19','YYYY-MM-DD HH:MI:SS'));
INSERT INTO feed (feed_id,feed_title,feed_url,feed_last_modified,feed_fetched,feed_created_at) VALUES (10,'Spring Projects Issue Tracker','https://jira.springsource.org/sr/jira.issueviews:searchrequest-xml/temp/SearchRequest.xml?&jqlQuery=project+%3D+SPR+AND+resolution+%3D+Unresolved+ORDER+BY+due+ASC%2C+priority+DESC%2C+created+ASC&tempMax=100&reset=true&decorator=none',NULL,183,to_timestamp('2012-01-16 09:58:34','YYYY-MM-DD HH:MI:SS'));
INSERT INTO feed (feed_id,feed_title,feed_url,feed_last_modified,feed_fetched,feed_created_at) VALUES (11,'Spring Projects Issue Tracker','https://jira.springsource.org/sr/jira.issueviews:searchrequest-xml/temp/SearchRequest.xml?&jqlQuery=project+%3D+MOBILE+AND+resolution+%3D+Unresolved+ORDER+BY+due+ASC%2C+priority+DESC%2C+created+ASC&tempMax=100&reset=true&decorator=none',NULL,138,to_timestamp('2012-01-16 10:02:22','YYYY-MM-DD HH:MI:SS'));
INSERT INTO feed (feed_id,feed_title,feed_url,feed_last_modified,feed_fetched,feed_created_at) VALUES (12,'Spring Projects Issue Tracker','https://jira.springsource.org/sr/jira.issueviews:searchrequest-xml/temp/SearchRequest.xml?&jqlQuery=project+%3D+SEC+AND+resolution+%3D+Unresolved+ORDER+BY+due+ASC%2C+priority+DESC%2C+created+ASC&tempMax=100&reset=true&decorator=none',NULL,131,to_timestamp('2012-01-16 10:03:30','YYYY-MM-DD HH:MI:SS'));
INSERT INTO feed (feed_id,feed_title,feed_url,feed_last_modified,feed_fetched,feed_created_at) VALUES (13,'Java EE Support Patterns','http://feeds.feedburner.com/JavaEESupportPatterns','Thu, 27 Mar 2014 13:13:36 GMT',119,to_timestamp('2012-05-04 21:44:58','YYYY-MM-DD HH:MI:SS'));
INSERT INTO feed (feed_id,feed_title,feed_url,feed_last_modified,feed_fetched,feed_created_at) VALUES (14,'Uploads by SpringSourceDev','http://gdata.youtube.com/feeds/base/users/SpringSourceDev/uploads?alt=rss&v=2&orderby=published&client=ytapi-youtube-profile','Thu, 27 Mar 2014 14:14:38 GMT',327,to_timestamp('2012-08-24 11:31:57','YYYY-MM-DD HH:MI:SS'));
INSERT INTO feed (feed_id,feed_title,feed_url,feed_last_modified,feed_fetched,feed_created_at) VALUES (15,'Paul Irish','http://feeds.feedburner.com/paul-irish','Thu, 27 Mar 2014 14:09:55 GMT',197,to_timestamp('2012-09-11 09:43:18','YYYY-MM-DD HH:MI:SS'));
INSERT INTO feed (feed_id,feed_title,feed_url,feed_last_modified,feed_fetched,feed_created_at) VALUES (16,'active questions tagged spring - Stack Overflow','http://stackoverflow.com/feeds/tag/spring','Thu, 27 Mar 2014 14:14:45 GMT',3337,to_timestamp('2012-12-13 16:15:20','YYYY-MM-DD HH:MI:SS'));
INSERT INTO feed (feed_id,feed_title,feed_url,feed_last_modified,feed_fetched,feed_created_at) VALUES (17,'SpringSource.org','http://www.springsource.org/node/feed','Tue, 24 Sep 2013 21:43:44 GMT',186,to_timestamp('2013-01-19 09:45:43','YYYY-MM-DD HH:MI:SS'));
INSERT INTO feed (feed_id,feed_title,feed_url,feed_last_modified,feed_fetched,feed_created_at) VALUES (18,'Atlassian Blogs','http://feeds.feedburner.com/AllAtlassianBlogs','Thu, 27 Mar 2014 13:53:36 GMT',142,to_timestamp('2014-03-07 21:07:33','YYYY-MM-DD HH:MI:SS'));
INSERT INTO feed (feed_id,feed_title,feed_url,feed_last_modified,feed_fetched,feed_created_at) VALUES (100,'Spiegel Online','http://www.spiegel.de/schlagzeilen/tops/index.rss','Thu, 27 Mar 2014 13:53:36 GMT',0,to_timestamp('2014-03-07 21:07:33','YYYY-MM-DD HH:MI:SS'));

INSERT INTO entry (entry_id,entry_feed_id,entry_title,entry_guid,entry_url,entry_content,entry_created_at) values (1001,2,'Party time','http://Use-The-Index-Luke.com','http://Use-The-Index-Luke.com/blog/2013-03/Party-Time','content',to_timestamp('2013-09-05 3:03:14','YYYY-MM-DD HH:MI:SS'));
INSERT INTO entry (entry_id,entry_feed_id,entry_title,entry_guid,entry_url,entry_content,entry_created_at) values (1002,2,'MySQL is to SQL like ??? to NoSQL','http://Use-The-Index-Luke.com','http://Use-The-Index-Luke.com/blog/2013-10/mysql-is-to-sql-like-mongodb-to-nosql','content',to_timestamp('2013-10-01 10:10:02','YYYY-MM-DD HH:MI:SS'));
INSERT INTO entry (entry_id,entry_feed_id,entry_title,entry_guid,entry_url,entry_content,entry_created_at) values (1003,2,'I need your help!','785 at http://Use-The-Index-Luke.com','http://Use-The-Index-Luke.com/blog/2013-04/i-need-your-help','content',to_timestamp('2013-10-23 03:03:26','YYYY-MM-DD HH:MI:SS'));
INSERT INTO entry (entry_id,entry_feed_id,entry_title,entry_guid,entry_url,entry_content,entry_created_at) values (1004,6,'Throwing Exceptions from Fields','http://www.javaspecialists.eu/archive/Issue208.html','http://www.javaspecialists.eu/archive/Issue208.html','content',to_timestamp('2013-03-31 10:10:41','YYYY-MM-DD HH:MI:SS'));
INSERT INTO entry (entry_id,entry_feed_id,entry_title,entry_guid,entry_url,entry_content,entry_created_at) values (1005,6,'Livelocks from wait/notify','http://www.javaspecialists.eu/archive/Issue213.html','http://www.javaspecialists.eu/archive/Issue213.html','content',to_timestamp('2013-09-20 08:08:03','YYYY-MM-DD HH:MI:SS'));
INSERT INTO entry (entry_id,entry_feed_id,entry_title,entry_guid,entry_url,entry_content,entry_created_at) values (1006,6,'CountingCompletionService','http://www.javaspecialists.eu/archive/Issue214.html','http://www.javaspecialists.eu/archive/Issue214.html','content',to_timestamp('2013-10-10 08:08:26','YYYY-MM-DD HH:MI:SS'));
INSERT INTO entry (entry_id,entry_feed_id,entry_title,entry_guid,entry_url,entry_content,entry_created_at) values (1007,8,'photostream 53','tag:martinfowler.com,2013-09-07:photostream-53','http://martinfowler.com/photos/53.html','content',to_timestamp('2013-09-07 04:04:05','YYYY-MM-DD HH:MI:SS'));
INSERT INTO entry (entry_id,entry_feed_id,entry_title,entry_guid,entry_url,entry_content,entry_created_at) values (1008,8,'Keynote from Goto Amsterdam','tag:martinfowler.com,2013-09-04:Keynote-from-Goto-Amsterdam','http://www.youtube.com/watch?v=TgdFA72crHM','content',to_timestamp('2013-09-04 04:04:17','YYYY-MM-DD HH:MI:SS'));
INSERT INTO entry (entry_id,entry_feed_id,entry_title,entry_guid,entry_url,entry_content,entry_created_at) values (1009,8,'Bliki: TellDontAsk','http://martinfowler.com/bliki/TellDontAsk.html','http://martinfowler.com/bliki/TellDontAsk.html','content',to_timestamp('2013-09-05 05:05:17','YYYY-MM-DD HH:MI:SS'));

INSERT INTO user_feed (user_feed_id,user_feed_title,user_feed_tag,user_feed_user_id,user_feed_sum,user_feed_created_at,user_feed_feed_id) VALUES (1,'user1_subscription1','tag1',1,15,to_timestamp('2011-04-15 19:20:46','YYYY-MM-DD HH:MI:SS'),0);
INSERT INTO user_feed (user_feed_id,user_feed_title,user_feed_tag,user_feed_user_id,user_feed_sum,user_feed_created_at,user_feed_feed_id) VALUES (2,'user1_subscription2','tag1',1,10,to_timestamp('2011-04-15 19:20:46','YYYY-MM-DD HH:MI:SS'),1);
INSERT INTO user_feed (user_feed_id,user_feed_title,user_feed_tag,user_feed_user_id,user_feed_sum,user_feed_created_at,user_feed_feed_id) VALUES (3,'user1_subscription3','tag2',1,25,to_timestamp('2011-04-15 19:20:46','YYYY-MM-DD HH:MI:SS'),2);
INSERT INTO user_feed (user_feed_id,user_feed_title,user_feed_tag,user_feed_user_id,user_feed_sum,user_feed_created_at,user_feed_feed_id) VALUES (4,'user1_subscription4',null,1,0,to_timestamp('2011-04-15 19:20:46','YYYY-MM-DD HH:MI:SS'),3);
INSERT INTO user_feed (user_feed_id,user_feed_title,user_feed_tag,user_feed_user_id,user_feed_sum,user_feed_created_at,user_feed_feed_id) VALUES (5,'user1_subscription5','tag3',1,2,to_timestamp('2011-04-15 19:20:46','YYYY-MM-DD HH:MI:SS'),4);
INSERT INTO user_feed (user_feed_id,user_feed_title,user_feed_tag,user_feed_user_id,user_feed_sum,user_feed_created_at,user_feed_feed_id) VALUES (6,'user2_subscription1','tag1',2,15,to_timestamp('2011-04-15 19:20:46','YYYY-MM-DD HH:MI:SS'),5);
INSERT INTO user_feed (user_feed_id,user_feed_title,user_feed_tag,user_feed_user_id,user_feed_sum,user_feed_created_at,user_feed_feed_id) VALUES (7,'user2_subscription2','tag1',2,10,to_timestamp('2011-04-15 19:20:46','YYYY-MM-DD HH:MI:SS'),6);
INSERT INTO user_feed (user_feed_id,user_feed_title,user_feed_tag,user_feed_user_id,user_feed_sum,user_feed_created_at,user_feed_feed_id) VALUES (8,'user2_subscription3',null,2,125,to_timestamp('2011-04-15 19:20:46','YYYY-MM-DD HH:MI:SS'),7);
INSERT INTO user_feed (user_feed_id,user_feed_title,user_feed_tag,user_feed_user_id,user_feed_sum,user_feed_created_at,user_feed_feed_id) VALUES (9,'user2_subscription4','tag1',2,25,to_timestamp('2011-04-15 19:20:46','YYYY-MM-DD HH:MI:SS'),8);
INSERT INTO user_feed (user_feed_id,user_feed_title,user_feed_tag,user_feed_user_id,user_feed_sum,user_feed_created_at,user_feed_feed_id) VALUES (10,'user2_subscription5',null,2,5,to_timestamp('2011-04-15 19:20:46','YYYY-MM-DD HH:MI:SS'),9);
INSERT INTO user_feed (user_feed_id,user_feed_title,user_feed_tag,user_feed_user_id,user_feed_sum,user_feed_created_at,user_feed_feed_id) VALUES (11,'user2_subscription6','tag2',2,1,to_timestamp('2011-04-15 19:20:46','YYYY-MM-DD HH:MI:SS'),10);
INSERT INTO user_feed (user_feed_id,user_feed_title,user_feed_tag,user_feed_user_id,user_feed_sum,user_feed_created_at,user_feed_feed_id) VALUES (12,'user3_subscription1','tag.with.dots',3,15,to_timestamp('2011-04-15 19:20:46','YYYY-MM-DD HH:MI:SS'),0);
INSERT INTO user_feed (user_feed_id,user_feed_title,user_feed_tag,user_feed_user_id,user_feed_sum,user_feed_created_at,user_feed_feed_id) VALUES (13,'user3_subscription2','tagWith/Forward',3,15,to_timestamp('2011-04-15 19:20:46','YYYY-MM-DD HH:MI:SS'),1);
INSERT INTO user_feed (user_feed_id,user_feed_title,user_feed_tag,user_feed_user_id,user_feed_sum,user_feed_created_at,user_feed_feed_id) VALUES (14,'user4_subscription1',null,4,15,to_timestamp('2011-04-15 19:20:46','YYYY-MM-DD HH:MI:SS'),2);
INSERT INTO user_feed (user_feed_id,user_feed_title,user_feed_tag,user_feed_user_id,user_feed_sum,user_feed_created_at,user_feed_feed_id) VALUES (15,'user4_subscription2',null,4,15,to_timestamp('2011-04-15 19:20:46','YYYY-MM-DD HH:MI:SS'),6);
INSERT INTO user_feed (user_feed_id,user_feed_title,user_feed_tag,user_feed_user_id,user_feed_sum,user_feed_created_at,user_feed_feed_id) VALUES (100,'user101_subscription1',null,101,0,to_timestamp('2011-04-15 19:20:46','YYYY-MM-DD HH:MI:SS'),100);
INSERT INTO user_feed (user_feed_id,user_feed_title,user_feed_tag,user_feed_user_id,user_feed_sum,user_feed_created_at,user_feed_feed_id) VALUES (101,'user103_subscription1','tag1',103,15,to_timestamp('2011-04-15 19:20:46','YYYY-MM-DD HH:MI:SS'),0);
INSERT INTO user_feed (user_feed_id,user_feed_title,user_feed_tag,user_feed_user_id,user_feed_sum,user_feed_created_at,user_feed_feed_id) VALUES (102,'user104_subscription1','tag1',104,0,to_timestamp('2011-04-15 19:20:46','YYYY-MM-DD HH:MI:SS'),0);
INSERT INTO user_feed (user_feed_id,user_feed_title,user_feed_tag,user_feed_user_id,user_feed_sum,user_feed_created_at,user_feed_feed_id) VALUES (103,'user105_subscription1','tag1',105,0,to_timestamp('2011-04-15 19:20:46','YYYY-MM-DD HH:MI:SS'),0);
INSERT INTO user_feed (user_feed_id,user_feed_title,user_feed_tag,user_feed_user_id,user_feed_sum,user_feed_created_at,user_feed_feed_id) VALUES (104,'user106_subscription1','tag1',106,0,to_timestamp('2011-04-15 19:20:46','YYYY-MM-DD HH:MI:SS'),0);
INSERT INTO user_feed (user_feed_id,user_feed_title,user_feed_tag,user_feed_user_id,user_feed_sum,user_feed_created_at,user_feed_feed_id) VALUES (105,'user107_subscription1','tag1',107,0,to_timestamp('2011-04-15 19:20:46','YYYY-MM-DD HH:MI:SS'),0);
INSERT INTO user_feed (user_feed_id,user_feed_title,user_feed_tag,user_feed_user_id,user_feed_sum,user_feed_created_at,user_feed_feed_id) VALUES (106,'user108_subscription1','tag1',108,0,to_timestamp('2011-04-15 19:20:46','YYYY-MM-DD HH:MI:SS'),0);
INSERT INTO user_feed (user_feed_id,user_feed_title,user_feed_tag,user_feed_user_id,user_feed_sum,user_feed_created_at,user_feed_feed_id) VALUES (107,'user109_subscription1','tag1',109,0,to_timestamp('2011-04-15 19:20:46','YYYY-MM-DD HH:MI:SS'),0);
INSERT INTO user_feed (user_feed_id,user_feed_title,user_feed_tag,user_feed_user_id,user_feed_sum,user_feed_created_at,user_feed_feed_id) VALUES (108,'user110_subscription1','tag1',110,0,to_timestamp('2011-04-15 19:20:46','YYYY-MM-DD HH:MI:SS'),0);
INSERT INTO user_feed (user_feed_id,user_feed_title,user_feed_tag,user_feed_user_id,user_feed_sum,user_feed_created_at,user_feed_feed_id) VALUES (109,'user111_subscription1','tag1',111,0,to_timestamp('2011-04-15 19:20:46','YYYY-MM-DD HH:MI:SS'),0);
INSERT INTO user_feed (user_feed_id,user_feed_title,user_feed_tag,user_feed_user_id,user_feed_sum,user_feed_created_at,user_feed_feed_id) VALUES (1100,'user112_subscription1','tag1',112,0,to_timestamp('2011-04-15 19:20:46','YYYY-MM-DD HH:MI:SS'),0);
INSERT INTO user_feed (user_feed_id,user_feed_title,user_feed_tag,user_feed_user_id,user_feed_sum,user_feed_created_at,user_feed_feed_id) VALUES (1101,'user113_subscription1','tag1',113,0,to_timestamp('2011-04-15 19:20:46','YYYY-MM-DD HH:MI:SS'),0);
INSERT INTO user_feed (user_feed_id,user_feed_title,user_feed_tag,user_feed_user_id,user_feed_sum,user_feed_created_at,user_feed_feed_id) VALUES (1102,'user114_subscription1','tag1',114,0,to_timestamp('2011-04-15 19:20:46','YYYY-MM-DD HH:MI:SS'),0);
INSERT INTO user_feed (user_feed_id,user_feed_title,user_feed_tag,user_feed_user_id,user_feed_sum,user_feed_created_at,user_feed_feed_id) VALUES (1103,'user115_subscription1','tag1',115,0,to_timestamp('2011-04-15 19:20:46','YYYY-MM-DD HH:MI:SS'),0);
INSERT INTO user_feed (user_feed_id,user_feed_title,user_feed_tag,user_feed_user_id,user_feed_sum,user_feed_created_at,user_feed_feed_id) VALUES (1104,'user116_subscription1','tag1',116,0,to_timestamp('2011-04-15 19:20:46','YYYY-MM-DD HH:MI:SS'),0);
INSERT INTO user_feed (user_feed_id,user_feed_title,user_feed_tag,user_feed_user_id,user_feed_sum,user_feed_created_at,user_feed_feed_id) VALUES (1105,'user116_subscription2','tag1',116,0,to_timestamp('2011-04-15 19:20:46','YYYY-MM-DD HH:MI:SS'),2);

INSERT INTO user_feed_entry (user_feed_entry_id,user_feed_entry_is_read,user_feed_entry_tag,user_feed_entry_user_feed_id,user_feed_entry_entry_id,user_feed_entry_created_at) values (1001,0,'tag1',3,1001,to_timestamp('2011-04-15 19:20:46','YYYY-MM-DD HH:MI:SS'));
INSERT INTO user_feed_entry (user_feed_entry_id,user_feed_entry_is_read,user_feed_entry_tag,user_feed_entry_user_feed_id,user_feed_entry_entry_id,user_feed_entry_created_at) values (1002,1,'tag1',3,1002,to_timestamp('2011-04-15 19:20:46','YYYY-MM-DD HH:MI:SS'));
INSERT INTO user_feed_entry (user_feed_entry_id,user_feed_entry_is_read,user_feed_entry_tag,user_feed_entry_user_feed_id,user_feed_entry_entry_id,user_feed_entry_created_at) values (1003,0,'tag3',7,1001,to_timestamp('2011-04-15 19:20:46','YYYY-MM-DD HH:MI:SS'));
INSERT INTO user_feed_entry (user_feed_entry_id,user_feed_entry_is_read,user_feed_entry_tag,user_feed_entry_user_feed_id,user_feed_entry_entry_id,user_feed_entry_created_at) values (1004,1,'tag3',1100,1009,to_timestamp('2011-04-15 19:20:46','YYYY-MM-DD HH:MI:SS'));
INSERT INTO user_feed_entry (user_feed_entry_id,user_feed_entry_is_read,user_feed_entry_tag,user_feed_entry_user_feed_id,user_feed_entry_entry_id,user_feed_entry_created_at) values (1005,1,'tag3',7,1003,to_timestamp('2011-04-15 19:20:46','YYYY-MM-DD HH:MI:SS'));
INSERT INTO user_feed_entry (user_feed_entry_id,user_feed_entry_is_read,user_feed_entry_tag,user_feed_entry_user_feed_id,user_feed_entry_entry_id,user_feed_entry_created_at) values (1006,0,null,8,1007,to_timestamp('2011-04-15 19:20:46','YYYY-MM-DD HH:MI:SS'));
INSERT INTO user_feed_entry (user_feed_entry_id,user_feed_entry_is_read,user_feed_entry_tag,user_feed_entry_user_feed_id,user_feed_entry_entry_id,user_feed_entry_created_at) values (1007,0,null,8,1008,to_timestamp('2011-04-15 19:20:46','YYYY-MM-DD HH:MI:SS'));
INSERT INTO user_feed_entry (user_feed_entry_id,user_feed_entry_is_read,user_feed_entry_tag,user_feed_entry_user_feed_id,user_feed_entry_entry_id,user_feed_entry_created_at) values (1008,0,null,8,1009,to_timestamp('2011-04-15 19:20:46','YYYY-MM-DD HH:MI:SS'));
INSERT INTO user_feed_entry (user_feed_entry_id,user_feed_entry_is_read,user_feed_entry_tag,user_feed_entry_user_feed_id,user_feed_entry_entry_id,user_feed_entry_created_at) values (1009,0,'tag1',14,1001,to_timestamp('2011-04-15 19:20:46','YYYY-MM-DD HH:MI:SS'));
INSERT INTO user_feed_entry (user_feed_entry_id,user_feed_entry_is_read,user_feed_entry_tag,user_feed_entry_user_feed_id,user_feed_entry_entry_id,user_feed_entry_created_at) values (1010,0,'tag2-tag3',14,1002,to_timestamp('2011-04-15 19:20:46','YYYY-MM-DD HH:MI:SS'));
INSERT INTO user_feed_entry (user_feed_entry_id,user_feed_entry_is_read,user_feed_entry_tag,user_feed_entry_user_feed_id,user_feed_entry_entry_id,user_feed_entry_created_at) values (1011,0,'tag4 tag5',14,1003,to_timestamp('2011-04-15 19:20:46','YYYY-MM-DD HH:MI:SS'));
INSERT INTO user_feed_entry (user_feed_entry_id,user_feed_entry_is_read,user_feed_entry_tag,user_feed_entry_user_feed_id,user_feed_entry_entry_id,user_feed_entry_created_at) values (1012,0,'tag6,tag7',14,1004,to_timestamp('2011-04-15 19:20:46','YYYY-MM-DD HH:MI:SS'));
INSERT INTO user_feed_entry (user_feed_entry_id,user_feed_entry_is_read,user_feed_entry_tag,user_feed_entry_user_feed_id,user_feed_entry_entry_id,user_feed_entry_created_at) values (1013,0,'tag8Tag9',14,1005,to_timestamp('2011-04-15 19:20:46','YYYY-MM-DD HH:MI:SS'));
INSERT INTO user_feed_entry (user_feed_entry_id,user_feed_entry_is_read,user_feed_entry_tag,user_feed_entry_user_feed_id,user_feed_entry_entry_id,user_feed_entry_created_at) values (1014,1,'tag3',103,1002,to_timestamp('2011-04-15 19:20:46','YYYY-MM-DD HH:MI:SS'));
INSERT INTO user_feed_entry (user_feed_entry_id,user_feed_entry_is_read,user_feed_entry_tag,user_feed_entry_user_feed_id,user_feed_entry_entry_id,user_feed_entry_created_at) values (1015,1,'tag3',104,1002,to_timestamp('2011-04-15 19:20:46','YYYY-MM-DD HH:MI:SS'));
INSERT INTO user_feed_entry (user_feed_entry_id,user_feed_entry_is_read,user_feed_entry_tag,user_feed_entry_user_feed_id,user_feed_entry_entry_id,user_feed_entry_created_at) values (1016,1,'tag3',105,1002,to_timestamp('2011-04-15 19:20:46','YYYY-MM-DD HH:MI:SS'));
INSERT INTO user_feed_entry (user_feed_entry_id,user_feed_entry_is_read,user_feed_entry_tag,user_feed_entry_user_feed_id,user_feed_entry_entry_id,user_feed_entry_created_at) values (1017,0,'tag3',105,1002,to_timestamp('2011-04-15 19:20:46','YYYY-MM-DD HH:MI:SS'));
INSERT INTO user_feed_entry (user_feed_entry_id,user_feed_entry_is_read,user_feed_entry_tag,user_feed_entry_user_feed_id,user_feed_entry_entry_id,user_feed_entry_created_at) values (1018,1,'tag3',106,1002,to_timestamp('2011-04-15 19:20:46','YYYY-MM-DD HH:MI:SS'));
INSERT INTO user_feed_entry (user_feed_entry_id,user_feed_entry_is_read,user_feed_entry_tag,user_feed_entry_user_feed_id,user_feed_entry_entry_id,user_feed_entry_created_at) values (1019,0,'tag3',106,1002,to_timestamp('2011-04-15 19:20:46','YYYY-MM-DD HH:MI:SS'));
INSERT INTO user_feed_entry (user_feed_entry_id,user_feed_entry_is_read,user_feed_entry_tag,user_feed_entry_user_feed_id,user_feed_entry_entry_id,user_feed_entry_created_at) values (1020,1,'tag3',107,1002,to_timestamp('2011-04-15 19:20:46','YYYY-MM-DD HH:MI:SS'));
INSERT INTO user_feed_entry (user_feed_entry_id,user_feed_entry_is_read,user_feed_entry_tag,user_feed_entry_user_feed_id,user_feed_entry_entry_id,user_feed_entry_created_at) values (1021,0,'tag3',107,1002,to_timestamp('2011-04-15 19:20:46','YYYY-MM-DD HH:MI:SS'));
INSERT INTO user_feed_entry (user_feed_entry_id,user_feed_entry_is_read,user_feed_entry_tag,user_feed_entry_user_feed_id,user_feed_entry_entry_id,user_feed_entry_created_at) values (1022,0,'tag3',108,1002,to_timestamp('2011-04-15 19:20:46','YYYY-MM-DD HH:MI:SS'));
INSERT INTO user_feed_entry (user_feed_entry_id,user_feed_entry_is_read,user_feed_entry_tag,user_feed_entry_user_feed_id,user_feed_entry_entry_id,user_feed_entry_created_at) values (1023,0,'tag1',1103,1002,to_timestamp('2011-04-15 19:20:46','YYYY-MM-DD HH:MI:SS'));
INSERT INTO user_feed_entry (user_feed_entry_id,user_feed_entry_is_read,user_feed_entry_tag,user_feed_entry_user_feed_id,user_feed_entry_entry_id,user_feed_entry_created_at) values (1024,0,'tag1',1103,1001,to_timestamp('2011-04-15 19:20:46','YYYY-MM-DD HH:MI:SS'));

INSERT INTO exclusion_pattern (id,pattern,hit_count,exclusion_pattern_user_feed_id) values (0,'user1_subscription1_pattern1',1,1);
INSERT INTO exclusion_pattern (id,pattern,hit_count,exclusion_pattern_user_feed_id) values (1,'user1_subscription1_pattern2',1,1);
INSERT INTO exclusion_pattern (id,pattern,hit_count,exclusion_pattern_user_feed_id) values (2,'user1_subscription2_pattern1',1,2);
INSERT INTO exclusion_pattern (id,pattern,hit_count,exclusion_pattern_user_feed_id) values (3,'user1_subscription2_pattern2',0,2);
INSERT INTO exclusion_pattern (id,pattern,hit_count,exclusion_pattern_user_feed_id) values (4,'user2_subscription1_pattern1',1,6);
INSERT INTO exclusion_pattern (id,pattern,hit_count,exclusion_pattern_user_feed_id) values (5,'user111_subscription1_pattern1',1,109);
INSERT INTO exclusion_pattern (id,pattern,hit_count,exclusion_pattern_user_feed_id) values (6,'user111_subscription1_pattern2',1,109);
INSERT INTO exclusion_pattern (id,pattern,hit_count,exclusion_pattern_user_feed_id) values (7,'user113_subscription1_pattern1',1,1101);
INSERT INTO exclusion_pattern (id,pattern,hit_count,exclusion_pattern_user_feed_id) values (8,'user114_subscription1_pattern1',1,1102);
INSERT INTO exclusion_pattern (id,pattern,hit_count,exclusion_pattern_user_feed_id) values (9,'user115_subscription1_pattern1',1,1103);

INSERT INTO fetch_error(FETCH_ERROR_ID, FETCH_ERROR_FEED_ID, FETCH_ERROR_MESSAGE, FETCH_ERROR_CREATED_AT) values (1, 18, 'error message for feed 18', to_timestamp('1970-01-01 00:00:00','YYYY-MM-DD HH:MI:SS'));
