insert into user(user_id,user_email,user_password,user_role) values (0,'user0@localhost','cfcd208495d565ef66e7dff9f98764da','ROLE_ADMIN');
insert into user(user_id,user_email,user_password,user_role) values (1,'user1@localhost','c4ca4238a0b923820dcc509a6f75849b','ROLE_USER');
insert into user(user_id,user_email,user_password,user_role) values (2,'user2@localhost','c81e728d9d4c2f636f067f89cc14862c','ROLE_USER');
insert into user(user_id,user_email,user_password,user_role) values (3,'user3@localhost','eccbc87e4b5ce2fe28308fd9f2a7baf3','ROLE_USER');
insert into user(user_id,user_email,user_password,user_role) values (4,'user4@localhost','a87ff679a2f3e71d9181a67b7542122c','ROLE_USER');

INSERT INTO feed (feed_id,feed_title,feed_url,feed_last_modified,feed_fetched,feed_created_at) VALUES (0,'The Java Posse','http://feeds.feedburner.com/javaposse','Thu, 27 Mar 2014 13:23:32 GMT',282,'2011-04-15T22:20:46Z');
INSERT INTO feed (feed_id,feed_title,feed_url,feed_last_modified,feed_fetched,feed_created_at) VALUES (1,'dzone.com: latest front page','http://feeds.dzone.com/dzone/frontpage','Thu, 27 Mar 2014 14:11:00 GMT',30167,'2011-04-15T22:20:46Z');
INSERT INTO feed (feed_id,feed_title,feed_url,feed_last_modified,feed_fetched,feed_created_at) VALUES (2,'Use The Index, Luke! blogs','http://use-the-index-luke.com/blog/feed',NULL,253,'2011-04-15T22:20:46Z');
INSERT INTO feed (feed_id,feed_title,feed_url,feed_last_modified,feed_fetched,feed_created_at) VALUES (3,'JAXenter ','http://it-republik.de/feed/?version=rss20&feed=jaxenter','Thu, 27 Mar 2014 12:45:31 +0000',2651,'2011-06-05T13:47:44Z');
INSERT INTO feed (feed_id,feed_title,feed_url,feed_last_modified,feed_fetched,feed_created_at) VALUES (4,'Nettuts+','http://feeds.feedburner.com/nettuts','Thu, 27 Mar 2014 14:03:54 GMT',748,'2011-06-06T09:47:20Z');
INSERT INTO feed (feed_id,feed_title,feed_url,feed_last_modified,feed_fetched,feed_created_at) VALUES (5,'High-Octane Java','http://www.obix-labs.com/blogs/highOctaneJava/feed/entries/atom',NULL,12,'2011-06-26T23:44:20Z');
INSERT INTO feed (feed_id,feed_title,feed_url,feed_last_modified,feed_fetched,feed_created_at) VALUES (6,'The Java(tm) Specialists Newsletter','http://www.javaspecialists.eu/archive/tjsn.rss',NULL,151,'2011-07-20T23:06:57Z');
INSERT INTO feed (feed_id,feed_title,feed_url,feed_last_modified,feed_fetched,feed_created_at) VALUES (7,'TomcatExpert blog','http://www.tomcatexpert.com/blog/feed','Thu, 27 Mar 2014 13:43:38 GMT',268,'2011-08-05T08:56:32Z');
INSERT INTO feed (feed_id,feed_title,feed_url,feed_last_modified,feed_fetched,feed_created_at) VALUES (8,'Martin Fowler','http://martinfowler.com/feed.atom','Tue, 25 Mar 2014 18:29:01 GMT',314,'2011-08-12T10:05:56Z');
INSERT INTO feed (feed_id,feed_title,feed_url,feed_last_modified,feed_fetched,feed_created_at) VALUES (9,'SpringSource Team Blog','http://feeds.feedburner.com/SpringSourceTeamBlog','Thu, 27 Mar 2014 14:09:33 GMT',291,'2011-11-07T08:56:19Z');
INSERT INTO feed (feed_id,feed_title,feed_url,feed_last_modified,feed_fetched,feed_created_at) VALUES (10,'Spring Projects Issue Tracker','https://jira.springsource.org/sr/jira.issueviews:searchrequest-xml/temp/SearchRequest.xml?&jqlQuery=project+%3D+SPR+AND+resolution+%3D+Unresolved+ORDER+BY+due+ASC%2C+priority+DESC%2C+created+ASC&tempMax=100&reset=true&decorator=none',NULL,183,'2012-01-16T09:58:34Z');
INSERT INTO feed (feed_id,feed_title,feed_url,feed_last_modified,feed_fetched,feed_created_at) VALUES (11,'Spring Projects Issue Tracker','https://jira.springsource.org/sr/jira.issueviews:searchrequest-xml/temp/SearchRequest.xml?&jqlQuery=project+%3D+MOBILE+AND+resolution+%3D+Unresolved+ORDER+BY+due+ASC%2C+priority+DESC%2C+created+ASC&tempMax=100&reset=true&decorator=none',NULL,138,'2012-01-16T10:02:22Z');
INSERT INTO feed (feed_id,feed_title,feed_url,feed_last_modified,feed_fetched,feed_created_at) VALUES (12,'Spring Projects Issue Tracker','https://jira.springsource.org/sr/jira.issueviews:searchrequest-xml/temp/SearchRequest.xml?&jqlQuery=project+%3D+SEC+AND+resolution+%3D+Unresolved+ORDER+BY+due+ASC%2C+priority+DESC%2C+created+ASC&tempMax=100&reset=true&decorator=none',NULL,131,'2012-01-16T10:03:30Z');
INSERT INTO feed (feed_id,feed_title,feed_url,feed_last_modified,feed_fetched,feed_created_at) VALUES (13,'Java EE Support Patterns','http://feeds.feedburner.com/JavaEESupportPatterns','Thu, 27 Mar 2014 13:13:36 GMT',119,'2012-05-04T21:44:58Z');
INSERT INTO feed (feed_id,feed_title,feed_url,feed_last_modified,feed_fetched,feed_created_at) VALUES (14,'Uploads by SpringSourceDev','http://gdata.youtube.com/feeds/base/users/SpringSourceDev/uploads?alt=rss&v=2&orderby=published&client=ytapi-youtube-profile','Thu, 27 Mar 2014 14:14:38 GMT',327,'2012-08-24T11:31:57Z');
INSERT INTO feed (feed_id,feed_title,feed_url,feed_last_modified,feed_fetched,feed_created_at) VALUES (15,'Paul Irish','http://feeds.feedburner.com/paul-irish','Thu, 27 Mar 2014 14:09:55 GMT',197,'2012-09-11T09:43:18Z');
INSERT INTO feed (feed_id,feed_title,feed_url,feed_last_modified,feed_fetched,feed_created_at) VALUES (16,'active questions tagged spring - Stack Overflow','http://stackoverflow.com/feeds/tag/spring','Thu, 27 Mar 2014 14:14:45 GMT',3337,'2012-12-13T16:15:20Z');
INSERT INTO feed (feed_id,feed_title,feed_url,feed_last_modified,feed_fetched,feed_created_at) VALUES (17,'SpringSource.org','http://www.springsource.org/node/feed','Tue, 24 Sep 2013 21:43:44 GMT',186,'2013-01-19T09:45:43Z');
INSERT INTO feed (feed_id,feed_title,feed_url,feed_last_modified,feed_fetched,feed_created_at) VALUES (18,'Atlassian Blogs','http://feeds.feedburner.com/AllAtlassianBlogs','Thu, 27 Mar 2014 13:53:36 GMT',142,'2014-03-07T21:07:33Z');

INSERT INTO entry (entry_id,entry_feed_id,entry_title,entry_guid,entry_url,entry_content,entry_created_at) values (1001,2,'Party time','756 at http://Use-The-Index-Luke.com','http://Use-The-Index-Luke.com/blog/2013-03/Party-Time','content','2013-09-05T03:03:14Z');
INSERT INTO entry (entry_id,entry_feed_id,entry_title,entry_guid,entry_url,entry_content,entry_created_at) values (1002,2,'MySQL is to SQL like ??? to NoSQL','http://Use-The-Index-Luke.com','http://Use-The-Index-Luke.com/blog/2013-10/mysql-is-to-sql-like-mongodb-to-nosql','content','2013-10-01T10:10:02Z');
INSERT INTO entry (entry_id,entry_feed_id,entry_title,entry_guid,entry_url,entry_content,entry_created_at) values (1003,2,'I need your help!','785 at http://Use-The-Index-Luke.com','http://Use-The-Index-Luke.com/blog/2013-04/i-need-your-help','content','2013-10-23T03:03:26Z');
INSERT INTO entry (entry_id,entry_feed_id,entry_title,entry_guid,entry_url,entry_content,entry_created_at) values (1004,6,'Throwing Exceptions from Fields','http://www.javaspecialists.eu/archive/Issue208.html','http://www.javaspecialists.eu/archive/Issue208.html','content','2013-03-31T10:10:41Z');
INSERT INTO entry (entry_id,entry_feed_id,entry_title,entry_guid,entry_url,entry_content,entry_created_at) values (1005,6,'Livelocks from wait/notify','http://www.javaspecialists.eu/archive/Issue213.html','http://www.javaspecialists.eu/archive/Issue213.html','content','2013-09-20T08:08:03Z');
INSERT INTO entry (entry_id,entry_feed_id,entry_title,entry_guid,entry_url,entry_content,entry_created_at) values (1006,6,'CountingCompletionService','http://www.javaspecialists.eu/archive/Issue214.html','http://www.javaspecialists.eu/archive/Issue214.html','content','2013-10-10T08:08:26Z');
INSERT INTO entry (entry_id,entry_feed_id,entry_title,entry_guid,entry_url,entry_content,entry_created_at) values (1007,8,'photostream 53','tag:martinfowler.com,2013-09-07:photostream-53','http://martinfowler.com/photos/53.html','content','2013-09-07T04:04:05Z');
INSERT INTO entry (entry_id,entry_feed_id,entry_title,entry_guid,entry_url,entry_content,entry_created_at) values (1008,8,'Keynote from Goto Amsterdam','tag:martinfowler.com,2013-09-04:Keynote-from-Goto-Amsterdam','http://www.youtube.com/watch?v=TgdFA72crHM','content','2013-09-04T04:04:17Z');
INSERT INTO entry (entry_id,entry_feed_id,entry_title,entry_guid,entry_url,entry_content,entry_created_at) values (1009,8,'Bliki: TellDontAsk','http://martinfowler.com/bliki/TellDontAsk.html','http://martinfowler.com/bliki/TellDontAsk.html','content','2013-09-05T05:05:17Z');

INSERT INTO user_feed (user_feed_id,user_feed_unseen,user_feed_title,user_feed_tag,user_feed_user_id,user_feed_sum,user_feed_created_at,user_feed_feed_id) VALUES (1,1,'user1_subscription1','tag1',1,15,'2011-04-15T19:20:46Z',0);
INSERT INTO user_feed (user_feed_id,user_feed_unseen,user_feed_title,user_feed_tag,user_feed_user_id,user_feed_sum,user_feed_created_at,user_feed_feed_id) VALUES (2,0,'user1_subscription2','tag1',1,10,'2011-04-15T19:20:46Z',1);
INSERT INTO user_feed (user_feed_id,user_feed_unseen,user_feed_title,user_feed_tag,user_feed_user_id,user_feed_sum,user_feed_created_at,user_feed_feed_id) VALUES (3,0,'user1_subscription3','tag2',1,25,'2011-04-15T19:20:46Z',2);
INSERT INTO user_feed (user_feed_id,user_feed_unseen,user_feed_title,user_feed_tag,user_feed_user_id,user_feed_sum,user_feed_created_at,user_feed_feed_id) VALUES (4,0,'user1_subscription4',null,1,0,'2011-04-15T19:20:46Z',3);
INSERT INTO user_feed (user_feed_id,user_feed_unseen,user_feed_title,user_feed_tag,user_feed_user_id,user_feed_sum,user_feed_created_at,user_feed_feed_id) VALUES (5,0,'user1_subscription5','tag3',1,2,'2011-04-15T19:20:46Z',4);
INSERT INTO user_feed (user_feed_id,user_feed_unseen,user_feed_title,user_feed_tag,user_feed_user_id,user_feed_sum,user_feed_created_at,user_feed_feed_id) VALUES (6,0,'user2_subscription1','tag1',2,15,'2011-04-15T19:20:46Z',5);
INSERT INTO user_feed (user_feed_id,user_feed_unseen,user_feed_title,user_feed_tag,user_feed_user_id,user_feed_sum,user_feed_created_at,user_feed_feed_id) VALUES (7,0,'user2_subscription2','tag1',2,10,'2011-04-15T19:20:46Z',6);
INSERT INTO user_feed (user_feed_id,user_feed_unseen,user_feed_title,user_feed_tag,user_feed_user_id,user_feed_sum,user_feed_created_at,user_feed_feed_id) VALUES (8,0,'user2_subscription3',null,2,125,'2011-04-15T19:20:46Z',7);
INSERT INTO user_feed (user_feed_id,user_feed_unseen,user_feed_title,user_feed_tag,user_feed_user_id,user_feed_sum,user_feed_created_at,user_feed_feed_id) VALUES (9,0,'user2_subscription4','tag1',2,25,'2011-04-15T19:20:46Z',8);
INSERT INTO user_feed (user_feed_id,user_feed_unseen,user_feed_title,user_feed_tag,user_feed_user_id,user_feed_sum,user_feed_created_at,user_feed_feed_id) VALUES (10,0,'user2_subscription5',null,2,5,'2011-04-15T19:20:46Z',9);
INSERT INTO user_feed (user_feed_id,user_feed_unseen,user_feed_title,user_feed_tag,user_feed_user_id,user_feed_sum,user_feed_created_at,user_feed_feed_id) VALUES (11,0,'user2_subscription6','tag2',2,1,'2011-04-15T19:20:46Z',10);
INSERT INTO user_feed (user_feed_id,user_feed_unseen,user_feed_title,user_feed_tag,user_feed_user_id,user_feed_sum,user_feed_created_at,user_feed_feed_id) VALUES (12,0,'user3_subscription1','tag.with.dots',3,15,'2011-04-15T19:20:46Z',0);
INSERT INTO user_feed (user_feed_id,user_feed_unseen,user_feed_title,user_feed_tag,user_feed_user_id,user_feed_sum,user_feed_created_at,user_feed_feed_id) VALUES (13,0,'user3_subscription2','tagWith/Forward',3,15,'2011-04-15T19:20:46Z',1);
INSERT INTO user_feed (user_feed_id,user_feed_unseen,user_feed_title,user_feed_tag,user_feed_user_id,user_feed_sum,user_feed_created_at,user_feed_feed_id) VALUES (14,0,'user4_subscription1',null,4,15,'2011-04-15T19:20:46Z',2);
INSERT INTO user_feed (user_feed_id,user_feed_unseen,user_feed_title,user_feed_tag,user_feed_user_id,user_feed_sum,user_feed_created_at,user_feed_feed_id) VALUES (15,0,'user4_subscription2',null,4,15,'2011-04-15T19:20:46Z',6);

INSERT INTO user_feed_entry (user_feed_entry_id,user_feed_entry_is_read,user_feed_entry_tag,user_feed_entry_user_feed_id,user_feed_entry_entry_id,user_feed_entry_created_at) values (1001,0,'tag1',3,1001,'2011-04-15T19:20:46Z');
INSERT INTO user_feed_entry (user_feed_entry_id,user_feed_entry_is_read,user_feed_entry_tag,user_feed_entry_user_feed_id,user_feed_entry_entry_id,user_feed_entry_created_at) values (1002,1,'tag1',3,1002,'2011-04-15T19:20:46Z');
INSERT INTO user_feed_entry (user_feed_entry_id,user_feed_entry_is_read,user_feed_entry_tag,user_feed_entry_user_feed_id,user_feed_entry_entry_id,user_feed_entry_created_at) values (1003,0,'tag3',7,1001,'2011-04-15T19:20:46Z');
INSERT INTO user_feed_entry (user_feed_entry_id,user_feed_entry_is_read,user_feed_entry_tag,user_feed_entry_user_feed_id,user_feed_entry_entry_id,user_feed_entry_created_at) values (1004,1,'tag3',7,1002,'2011-04-15T19:20:46Z');
INSERT INTO user_feed_entry (user_feed_entry_id,user_feed_entry_is_read,user_feed_entry_tag,user_feed_entry_user_feed_id,user_feed_entry_entry_id,user_feed_entry_created_at) values (1005,1,'tag3',7,1003,'2011-04-15T19:20:46Z');
INSERT INTO user_feed_entry (user_feed_entry_id,user_feed_entry_is_read,user_feed_entry_tag,user_feed_entry_user_feed_id,user_feed_entry_entry_id,user_feed_entry_created_at) values (1006,0,null,8,1007,'2011-04-15T19:20:46Z');
INSERT INTO user_feed_entry (user_feed_entry_id,user_feed_entry_is_read,user_feed_entry_tag,user_feed_entry_user_feed_id,user_feed_entry_entry_id,user_feed_entry_created_at) values (1007,0,null,8,1008,'2011-04-15T19:20:46Z');
INSERT INTO user_feed_entry (user_feed_entry_id,user_feed_entry_is_read,user_feed_entry_tag,user_feed_entry_user_feed_id,user_feed_entry_entry_id,user_feed_entry_created_at) values (1008,0,null,8,1009,'2011-04-15T19:20:46Z');
INSERT INTO user_feed_entry (user_feed_entry_id,user_feed_entry_is_read,user_feed_entry_tag,user_feed_entry_user_feed_id,user_feed_entry_entry_id,user_feed_entry_created_at) values (1009,0,'tag1',14,1001,'2011-04-15T19:20:46Z');
INSERT INTO user_feed_entry (user_feed_entry_id,user_feed_entry_is_read,user_feed_entry_tag,user_feed_entry_user_feed_id,user_feed_entry_entry_id,user_feed_entry_created_at) values (1010,0,'tag2-tag3',14,1002,'2011-04-15T19:20:46Z');
INSERT INTO user_feed_entry (user_feed_entry_id,user_feed_entry_is_read,user_feed_entry_tag,user_feed_entry_user_feed_id,user_feed_entry_entry_id,user_feed_entry_created_at) values (1011,0,'tag4 tag5',14,1003,'2011-04-15T19:20:46Z');
INSERT INTO user_feed_entry (user_feed_entry_id,user_feed_entry_is_read,user_feed_entry_tag,user_feed_entry_user_feed_id,user_feed_entry_entry_id,user_feed_entry_created_at) values (1012,0,'tag6,tag7',14,1004,'2011-04-15T19:20:46Z');
INSERT INTO user_feed_entry (user_feed_entry_id,user_feed_entry_is_read,user_feed_entry_tag,user_feed_entry_user_feed_id,user_feed_entry_entry_id,user_feed_entry_created_at) values (1013,0,'tag8Tag9',14,1005,'2011-04-15T19:20:46Z');

INSERT INTO exclusion_pattern (id,pattern,hit_count,exclusion_pattern_user_feed_id) values (0,'user1_subscription1_pattern1',1,1);
INSERT INTO exclusion_pattern (id,pattern,hit_count,exclusion_pattern_user_feed_id) values (1,'user1_subscription1_pattern2',1,1);
INSERT INTO exclusion_pattern (id,pattern,hit_count,exclusion_pattern_user_feed_id) values (2,'user1_subscription2_pattern1',1,2);
INSERT INTO exclusion_pattern (id,pattern,hit_count,exclusion_pattern_user_feed_id) values (3,'user1_subscription2_pattern2',0,2);
INSERT INTO exclusion_pattern (id,pattern,hit_count,exclusion_pattern_user_feed_id) values (4,'user2_subscription1_pattern1',1,6);
