insert into user(user_id,user_email,user_password,user_role) values (0,'user0@localhost','cfcd208495d565ef66e7dff9f98764da','ROLE_ADMIN');
insert into user(user_id,user_email,user_password,user_role) values (1,'user1@localhost','c4ca4238a0b923820dcc509a6f75849b','ROLE_USER');
insert into user(user_id,user_email,user_password,user_role) values (2,'user2@localhost','c81e728d9d4c2f636f067f89cc14862c','ROLE_USER');
insert into user(user_id,user_email,user_password,user_role) values (3,'user3@localhost','eccbc87e4b5ce2fe28308fd9f2a7baf3','ROLE_USER');
insert into user(user_id,user_email,user_password,user_role) values (4,'user4@localhost','a87ff679a2f3e71d9181a67b7542122c','ROLE_USER');

INSERT INTO feed (feed_id,feed_title,feed_url,feed_last_modified,feed_fetched,feed_created_at,feed_icon,feed_icon_mimetype) VALUES (0,'The Java Posse','http://feeds.feedburner.com/javaposse','Thu, 27 Mar 2014 13:23:32 GMT',282,'2011-04-15T22:20:46Z','data:image/jpeg;base64,iVBORw0KGgoAAAANSUhEUgAAABAAAAAQCAYAAAAf8_9hAAABU0lEQVR42mNgwAHuCxgIMJALnnAbGDzj1V9PtgHPeHX3gzBZmp_z6sU_49X7D8Igl5Bhu959mAFPefXnk-F3iGYIhnjjOY-uPShMCAbscx69emQDYC6AGECEiyCBp_f_tbUG2ACQRoi4_vqXqtoQMWAY4TXgrbv6_3fBqhBX8OhNgBn6Y5n0_-eSuv_xRi9I8cds5f_fZsn-R_YKyMA_J8X_f4hX-Y87eguOO7Sb5l4HGQBS_Klc8T_I2e9CVP__3isBFgPJLdeIuA1Uq4Cm-VgAQ97x_zJJW-C2YcOgsLEMW_ifIe_Ee5CFCANyj-8HGQDC_UYZ_7_2yWFoBjkfJAdTx5B7Aiks8o7HwyT4Mvb93y3vDXYJyMkgDLIZRTMYn_BH9UbuMXuYS0CGhHn1_W-0KPxfbFf9XytmNarNILU4QdoZfrCCvOP1CHwiHywGkkMDAG2mEs1clvCvAAAAAElFTkSuQmCC','image/png');
INSERT INTO feed (feed_id,feed_title,feed_url,feed_last_modified,feed_fetched,feed_created_at,feed_icon,feed_icon_mimetype) VALUES (1,'dzone.com: latest front page','http://feeds.dzone.com/dzone/frontpage','Thu, 27 Mar 2014 14:11:00 GMT',30167,'2011-04-15T22:20:46Z','data:image/jpeg;base64,iVBORw0KGgoAAAANSUhEUgAAABAAAAAQCAYAAAAf8_9hAAAA60lEQVR42mP4____X0owA80MWHjs81-N2sdgTJYBk_d9HGoG7Ln27W_A1BdwTU69z-DsR59f_w3a2YEVgw1Yd-4LXDE2fPTF9b-SixIxcO2pZX8Znrz_DVeYvfTNXxAfhJFd8_HnV7AhIAzSBNKsvjwLLM6AHF0gjfjCAKQBpBFkwIo7RyBhgCuwsIn3XNgA1uy8uQ4RiMj-B7kGlwGggIT5_crbhwgDPn3_-9e09Slccdu292CMLAZSCApxmN8xYuHkvR8oGkAYmY8rFkAYng5ALgF5AeR0kLdAfJDB15__AjsfFgvomOLcCAAtp2LyMPuHHQAAAABJRU5ErkJggg','image/png');
INSERT INTO feed (feed_id,feed_title,feed_url,feed_last_modified,feed_fetched,feed_created_at,feed_icon,feed_icon_mimetype) VALUES (2,'Use The Index, Luke! blogs','http://use-the-index-luke.com/blog/feed',NULL,253,'2011-04-15T22:20:46Z','data:image/jpeg;base64,iVBORw0KGgoAAAANSUhEUgAAABAAAAAQCAYAAAAf8_9hAAAALUlEQVR42mNgGPRgz7kX__HhIWDAwIPiiUf_48NDwICBB1J-Xf_x4SFgACEAAGyaw_EcCKj5AAAAAElFTkSuQmCC','image/png');
INSERT INTO feed (feed_id,feed_title,feed_url,feed_last_modified,feed_fetched,feed_created_at,feed_icon,feed_icon_mimetype) VALUES (3,'JAXenter ','http://it-republik.de/feed/?version=rss20&feed=jaxenter','Thu, 27 Mar 2014 12:45:31 +0000',2651,'2011-06-05T13:47:44Z','data:image/jpeg;base64,iVBORw0KGgoAAAANSUhEUgAAABAAAAAQCAYAAAAf8_9hAAABIklEQVR42mO4xCfznxLMQBUDruiq_H81o_L_38_v_sMAiP1maQdYDq8Bt_zN4Br_ff0Axsjg17M7_0FqcBqAbOu3TTPBGBt4v3nm_we5vv_vxjn-f1wTjTAAZAMMgGz_--rh_z_3L_9_leIFpsHegYohgxsOOhADQP6EAZCmL0u7_n_oyfv_pjD0__d9y_-_q0_8_8zN7P-LMHuwQTAAcwU4DGAApBmEf109AqbBYQBkgwxGB58OrETEAiwckA34NLMGbgDINdgAKIbABoACCARATgfhnye3gp0MMgxkEMgbIIPQAShQwQaAGOQAkMXwlAjzxtdzu8EBBIouGAbxQYH949YZFANAeuAGgALlWVcWwaQLij6QOpBFKC4Y2MxECQYAY-bORJQ_pKYAAAAASUVORK5CYII','image/png');
INSERT INTO feed (feed_id,feed_title,feed_url,feed_last_modified,feed_fetched,feed_created_at,feed_icon,feed_icon_mimetype) VALUES (4,'Nettuts+','http://feeds.feedburner.com/nettuts','Thu, 27 Mar 2014 14:03:54 GMT',748,'2011-06-06T09:47:20Z','data:image/jpeg;base64,iVBORw0KGgoAAAANSUhEUgAAABAAAAAQCAYAAAAf8_9hAAABU0lEQVR42mNgwAHuCxgIMJALnnAbGDzj1V9PtgHPeHX3gzBZmp_z6sU_49X7D8Igl5Bhu959mAFPefXnk-F3iGYIhnjjOY-uPShMCAbscx69emQDYC6AGECEiyCBp_f_tbUG2ACQRoi4_vqXqtoQMWAY4TXgrbv6_3fBqhBX8OhNgBn6Y5n0_-eSuv_xRi9I8cds5f_fZsn-R_YKyMA_J8X_f4hX-Y87eguOO7Sb5l4HGQBS_Klc8T_I2e9CVP__3isBFgPJLdeIuA1Uq4Cm-VgAQ97x_zJJW-C2YcOgsLEMW_ifIe_Ee5CFCANyj-8HGQDC_UYZ_7_2yWFoBjkfJAdTx5B7Aiks8o7HwyT4Mvb93y3vDXYJyMkgDLIZRTMYn_BH9UbuMXuYS0CGhHn1_W-0KPxfbFf9XytmNarNILU4QdoZfrCCvOP1CHwiHywGkkMDAG2mEs1clvCvAAAAAElFTkSuQmCC','image/png');
INSERT INTO feed (feed_id,feed_title,feed_url,feed_last_modified,feed_fetched,feed_created_at,feed_icon,feed_icon_mimetype) VALUES (5,'High-Octane Java','http://www.obix-labs.com/blogs/highOctaneJava/feed/entries/atom',NULL,12,'2011-06-26T23:44:20Z', NULL, NULL);
INSERT INTO feed (feed_id,feed_title,feed_url,feed_last_modified,feed_fetched,feed_created_at,feed_icon,feed_icon_mimetype) VALUES (6,'The Java(tm) Specialists Newsletter','http://www.javaspecialists.eu/archive/tjsn.rss',NULL,151,'2011-07-20T23:06:57Z','data:image/jpeg;base64,iVBORw0KGgoAAAANSUhEUgAAABAAAAAQCAYAAAAf8_9hAAACCklEQVR42q2TS08TURTH2fgJ3Llw5Rcw4QP4PUzcGTVxwcJo3GjiBg34CkJUsFQq1hAafMSY8pAWK0Kkj8x02kpbhto60zt9oAhEoJ2__05lmoapK05yc8-5c_-_e-ece7ok0QunIYsHiAs3_Zf0x-g_ctzXdVj4EFF9CsnSCtY3FKyWQxRPQyoGENHe8ftQZ4AsHiOmB1HezkEuPsdM5jKm0xcxn7oAP-egepPDzX2uw4DGlWN6AJWdLObXriD8Y4AgBbX6LlBcxP7PJMRWDMv5fgRUF_cPtAMiuo_iAk-4jsKvEEzThG0N_3MP5zrdOtJlP8LaRAsgi7tQjGX-72v-9ywcLdoLFOb-8UxqFgnoawLixgjUjSSTNGSd4Ghrk8DSVTvMVGQe-vQA4EGOALXqR0fLeIG5s3aYrSoEjB4ZYIQLMrOe6AxYugZ8umSHqVKEgCcHVehjUr5gt7bpLK6xlOMngVVPM6zXmK8P1PS3yhjVJ1hG4Qz4egPwnAD2tpr5rCYoHm2VUTHGkDBcpC5ge2-zvf7SPWD4GJB7by0Vf-etp26_RJnXl9a5EL6FUOoZXkn3kdWCMNUp4O0ZwH0cUN_gz_4O0hWJYh-Fd9qfsiwGEf3uxbfgeRR83Sh5T0GbPI3kx3NQ8n7r0axoPjbV8P-7MW4McvMLdt64NceZ5UaPSOI2OrX9XzYAf28qoPpJAAAAAElFTkSuQmCC','image/png');
INSERT INTO feed (feed_id,feed_title,feed_url,feed_last_modified,feed_fetched,feed_created_at,feed_icon,feed_icon_mimetype) VALUES (7,'TomcatExpert blog','http://www.tomcatexpert.com/blog/feed','Thu, 27 Mar 2014 13:43:38 GMT',268,'2011-08-05T08:56:32Z','data:image/jpeg;base64,iVBORw0KGgoAAAANSUhEUgAAABAAAAAQCAYAAAAf8_9hAAADPUlEQVR42o3T309bBRTA8f4D48lhxpVJpRk6rHOGjAjLMp_IMn3QBVQ2x35Issl0v3HMrbLBmjJKorAxgUHM1CbCXBxxQlxUFDWTYTCEUNdyO_qD9nL7m5bbX9m-XmgID754k5Pch3M-99yTczQa9XEeL5kQa3XY9zyJvfoJxN25iHtycfwn1mZjfz7OI5smNCvFjkNFivWAlhnDDtwdtbjNVbgM23AfL8RbvwH_R0WEGp8l0ryRBWMxMVMxEaNeWUbEveuwHdQyfbQEabCDhHMKxTGB8uB3lMlhosOtRLpeJdZeSuJqCanPtpDuKiHeuhHxzRw0M1VrsL_7NLYzW_H2XyRy_zaRiTvE_hklIdlJyyLJ6SESPzWTtLxOureMTO_LLJqLmXlNkwUchwoQ619i1vwGnu6DzPXsx_flewSGjSr0I-mwh4w0RfpeB-mBKhUpJ25-IQsstfGwTot4Wo-n6wCB200EBk4if16N71oFvi_2Ev6jh6RsIyNbSY-aSPWUqXN4bhWYfV8FGssJjt4gEwssfzFhHyF29wKBvh14OrcT_LWDVHCWjHWQxPVXiBryVwH3CR3uS2VIliMER64Sm_6BR6lFHqfiJMau4b9SiufKdhb-_oaMdxLluwZCDXmrwPzZIoKmzYTaNuM36_F-sgVpoI6Ea3wZiQ1-gKf1RXyWWhbto6Sm7iCfFlaGmIPUoCPQXEjYuJ5oy1OELq_H16Zn7sZuHiXjJK1DeDvVHemuJDo5RMr-G_ONpVngQWUOzlPr8KvJyr0e0uPXWbz5DoGWAmZNm4hZ75IJu5C-Ooyzs5Lw-LckxTGkSxVZwLorB_uJtYRG2slEfTxWgqT_6iN8uQBX0waCP7cvD1a-dU4Fqgn9eYukumzSp_uywPSuNcycyiX8i5q4IGWB8T6iJi3eJh2y5TDx-_1I3TVqRzuRvr5I6PtuXOd3ZgGbejhzZ_MIWtRfGOslpRYr_TVEjVr8FwqZbylHbqvA86Eex7HncdRvQzy2Fdvb-dlVfqgehHz-GSXwsUDAkEfIIBA6JxA8IyCfFPAeFZirE3DWCog1glqoxlvqDuzTKasXqb4saUst_Z9Yyl0p_hfcD8G5HwfzywAAAABJRU5ErkJggg','image/png');
INSERT INTO feed (feed_id,feed_title,feed_url,feed_last_modified,feed_fetched,feed_created_at,feed_icon,feed_icon_mimetype) VALUES (8,'Martin Fowler','http://martinfowler.com/feed.atom','Tue, 25 Mar 2014 18:29:01 GMT',314,'2011-08-12T10:05:56Z','data:image/jpeg;base64,iVBORw0KGgoAAAANSUhEUgAAABAAAAAQCAYAAAAf8_9hAAABS0lEQVR42mOIFM35HyiUBMe-DIlgDGJHKGf892aI_W_DEPQ_y7Hi__S6Bf8DeBNR1DMgc8IU0_5vXLDt_5ePX8EatyzdCWb_-_cPjkGGoRjgKxCLInB050kUDSB86_Ld_2VhTf9dGSJRNcMATKDYvx5FY0_x1P-mDL5w16G4VjgD1QBHhlCwpif3nsE1xxnmgr0CMiRaOwvFAD_BBIQBAfwQb4AUgjDIgCm1c8D45ZPX2P0vEIcwANkbIBvRwwCEdRjcsTsfBkCCoOib07oYRePaOZvh0Yo1AJFdgGz7yX1nweGCHngY_ocBX764_7DABEXb5VPX_odIp2Boxmo7sjdAmkAJ6OnD5xipDqf_kb0BMgCUHj69-wz2EkkuAPkNOU2gJ1twXuGLw20AzBUWDP5gA0iyHT09XD1z43-JdxNKQOL1Pz6AnOHQ5QCpt6GkOm4PTwAAAABJRU5ErkJggg','image/png');
INSERT INTO feed (feed_id,feed_title,feed_url,feed_last_modified,feed_fetched,feed_created_at,feed_icon,feed_icon_mimetype) VALUES (9,'SpringSource Team Blog','http://feeds.feedburner.com/SpringSourceTeamBlog','Thu, 27 Mar 2014 14:09:33 GMT',291,'2011-11-07T08:56:19Z','data:image/jpeg;base64,iVBORw0KGgoAAAANSUhEUgAAABAAAAAQCAYAAAAf8_9hAAABU0lEQVR42mNgwAHuCxgIMJALnnAbGDzj1V9PtgHPeHX3gzBZmp_z6sU_49X7D8Igl5Bhu959mAFPefXnk-F3iGYIhnjjOY-uPShMCAbscx69emQDYC6AGECEiyCBp_f_tbUG2ACQRoi4_vqXqtoQMWAY4TXgrbv6_3fBqhBX8OhNgBn6Y5n0_-eSuv_xRi9I8cds5f_fZsn-R_YKyMA_J8X_f4hX-Y87eguOO7Sb5l4HGQBS_Klc8T_I2e9CVP__3isBFgPJLdeIuA1Uq4Cm-VgAQ97x_zJJW-C2YcOgsLEMW_ifIe_Ee5CFCANyj-8HGQDC_UYZ_7_2yWFoBjkfJAdTx5B7Aiks8o7HwyT4Mvb93y3vDXYJyMkgDLIZRTMYn_BH9UbuMXuYS0CGhHn1_W-0KPxfbFf9XytmNarNILU4QdoZfrCCvOP1CHwiHywGkkMDAG2mEs1clvCvAAAAAElFTkSuQmCC','image/png');
INSERT INTO feed (feed_id,feed_title,feed_url,feed_last_modified,feed_fetched,feed_created_at,feed_icon,feed_icon_mimetype) VALUES (10,'Spring Projects Issue Tracker','https://jira.springsource.org/sr/jira.issueviews:searchrequest-xml/temp/SearchRequest.xml?&jqlQuery=project+%3D+SPR+AND+resolution+%3D+Unresolved+ORDER+BY+due+ASC%2C+priority+DESC%2C+created+ASC&tempMax=100&reset=true&decorator=none',NULL,183,'2012-01-16T09:58:34Z','data:image/jpeg;base64,iVBORw0KGgoAAAANSUhEUgAAABAAAAAQCAYAAAAf8_9hAAAA2klEQVR42mNgGLLg0FnlhINnlRrI1KxUAMT_D51T3E-0pv3nFQRAtgI13gdrhuD3GM4CmQqSgCuC8P_jwgjTCShExgt2qv5fsU8FYQAoMIjVvPOE8v-S-RqoLkBxMgHNQV1aYBegG0CUsz1btf_3rVNDFr9P0AUgjTmzNP5bVOugawbhfngMgBTWLlGH4-gJWmAbQRpBzoYFGnIUAgNfgcG8Wuc9CIMMASmGYZAmkM3TN6tic9n7o-cVDMA2IxtgXq3bX7dYowEUKzAMjl4YBjoZlFZA0T54MhUAioBYKw-y9ZoAAAAASUVORK5CYII','image/png');
INSERT INTO feed (feed_id,feed_title,feed_url,feed_last_modified,feed_fetched,feed_created_at,feed_icon,feed_icon_mimetype) VALUES (11,'Spring Projects Issue Tracker','https://jira.springsource.org/sr/jira.issueviews:searchrequest-xml/temp/SearchRequest.xml?&jqlQuery=project+%3D+MOBILE+AND+resolution+%3D+Unresolved+ORDER+BY+due+ASC%2C+priority+DESC%2C+created+ASC&tempMax=100&reset=true&decorator=none',NULL,138,'2012-01-16T10:02:22Z','data:image/jpeg;base64,iVBORw0KGgoAAAANSUhEUgAAABAAAAAQCAYAAAAf8_9hAAAA2klEQVR42mNgGLLg0FnlhINnlRrI1KxUAMT_D51T3E-0pv3nFQRAtgI13gdrhuD3GM4CmQqSgCuC8P_jwgjTCShExgt2qv5fsU8FYQAoMIjVvPOE8v-S-RqoLkBxMgHNQV1aYBegG0CUsz1btf_3rVNDFr9P0AUgjTmzNP5bVOugawbhfngMgBTWLlGH4-gJWmAbQRpBzoYFGnIUAgNfgcG8Wuc9CIMMASmGYZAmkM3TN6tic9n7o-cVDMA2IxtgXq3bX7dYowEUKzAMjl4YBjoZlFZA0T54MhUAioBYKw-y9ZoAAAAASUVORK5CYII','image/png');
INSERT INTO feed (feed_id,feed_title,feed_url,feed_last_modified,feed_fetched,feed_created_at,feed_icon,feed_icon_mimetype) VALUES (12,'Spring Projects Issue Tracker','https://jira.springsource.org/sr/jira.issueviews:searchrequest-xml/temp/SearchRequest.xml?&jqlQuery=project+%3D+SEC+AND+resolution+%3D+Unresolved+ORDER+BY+due+ASC%2C+priority+DESC%2C+created+ASC&tempMax=100&reset=true&decorator=none',NULL,131,'2012-01-16T10:03:30Z','data:image/jpeg;base64,iVBORw0KGgoAAAANSUhEUgAAABAAAAAQCAYAAAAf8_9hAAAA2klEQVR42mNgGLLg0FnlhINnlRrI1KxUAMT_D51T3E-0pv3nFQRAtgI13gdrhuD3GM4CmQqSgCuC8P_jwgjTCShExgt2qv5fsU8FYQAoMIjVvPOE8v-S-RqoLkBxMgHNQV1aYBegG0CUsz1btf_3rVNDFr9P0AUgjTmzNP5bVOugawbhfngMgBTWLlGH4-gJWmAbQRpBzoYFGnIUAgNfgcG8Wuc9CIMMASmGYZAmkM3TN6tic9n7o-cVDMA2IxtgXq3bX7dYowEUKzAMjl4YBjoZlFZA0T54MhUAioBYKw-y9ZoAAAAASUVORK5CYII','image/png');
INSERT INTO feed (feed_id,feed_title,feed_url,feed_last_modified,feed_fetched,feed_created_at,feed_icon,feed_icon_mimetype) VALUES (13,'Java EE Support Patterns','http://feeds.feedburner.com/JavaEESupportPatterns','Thu, 27 Mar 2014 13:13:36 GMT',119,'2012-05-04T21:44:58Z','data:image/jpeg;base64,iVBORw0KGgoAAAANSUhEUgAAABAAAAAQCAYAAAAf8_9hAAABU0lEQVR42mNgwAHuCxgIMJALnnAbGDzj1V9PtgHPeHX3gzBZmp_z6sU_49X7D8Igl5Bhu959mAFPefXnk-F3iGYIhnjjOY-uPShMCAbscx69emQDYC6AGECEiyCBp_f_tbUG2ACQRoi4_vqXqtoQMWAY4TXgrbv6_3fBqhBX8OhNgBn6Y5n0_-eSuv_xRi9I8cds5f_fZsn-R_YKyMA_J8X_f4hX-Y87eguOO7Sb5l4HGQBS_Klc8T_I2e9CVP__3isBFgPJLdeIuA1Uq4Cm-VgAQ97x_zJJW-C2YcOgsLEMW_ifIe_Ee5CFCANyj-8HGQDC_UYZ_7_2yWFoBjkfJAdTx5B7Aiks8o7HwyT4Mvb93y3vDXYJyMkgDLIZRTMYn_BH9UbuMXuYS0CGhHn1_W-0KPxfbFf9XytmNarNILU4QdoZfrCCvOP1CHwiHywGkkMDAG2mEs1clvCvAAAAAElFTkSuQmCC','image/png');
INSERT INTO feed (feed_id,feed_title,feed_url,feed_last_modified,feed_fetched,feed_created_at,feed_icon,feed_icon_mimetype) VALUES (14,'Uploads by SpringSourceDev','http://gdata.youtube.com/feeds/base/users/SpringSourceDev/uploads?alt=rss&v=2&orderby=published&client=ytapi-youtube-profile','Thu, 27 Mar 2014 14:14:38 GMT',327,'2012-08-24T11:31:57Z','data:image/jpeg;base64,iVBORw0KGgoAAAANSUhEUgAAABAAAAAQCAYAAAAf8_9hAAABPElEQVR42sXTz0oCURgF8G9TzZ8cHa1GMOkJhKAnibZBix6gTQ9QEEyLEloYlthCc1EEraJFoAlRRrOpEIJwPcNsRDcxIJy-hpDrVQrcOPCDgXPO5W4u0cS_x0VSnxJ6pRHXHRYw_OMt7Jp6KTzgwdRthjHZVI9rzr2pQVS3YnArZTyvZCBnAz3e0p2p-Qyi6lISQRDgq93G6-YG5Fzg001M6zEMSCfR6XRC3W4Xn8UCbpNxDPV4S9f8MyRtwXXdPs_z8H6ax6guXUZVyC5SC2i1Wn1OrYbscgajunQeVXsMonJqHs1mM3R1eICtuRjyhgK597OlM0P1GURFK4GXRgP7a6vY1mZQkHKBTyeG6jCIjtm6MoXdWQVyJnEoF1HsHF9vLLylLJF6FFFKzPmFP3z0e4ayt0M0PfnH-A1ABWy3gPbO_AAAAABJRU5ErkJggg','image/png');
INSERT INTO feed (feed_id,feed_title,feed_url,feed_last_modified,feed_fetched,feed_created_at,feed_icon,feed_icon_mimetype) VALUES (15,'Paul Irish','http://feeds.feedburner.com/paul-irish','Thu, 27 Mar 2014 14:09:55 GMT',197,'2012-09-11T09:43:18Z','data:image/jpeg;base64,iVBORw0KGgoAAAANSUhEUgAAABAAAAAQCAYAAAAf8_9hAAABU0lEQVR42mNgwAHuCxgIMJALnnAbGDzj1V9PtgHPeHX3gzBZmp_z6sU_49X7D8Igl5Bhu959mAFPefXnk-F3iGYIhnjjOY-uPShMCAbscx69emQDYC6AGECEiyCBp_f_tbUG2ACQRoi4_vqXqtoQMWAY4TXgrbv6_3fBqhBX8OhNgBn6Y5n0_-eSuv_xRi9I8cds5f_fZsn-R_YKyMA_J8X_f4hX-Y87eguOO7Sb5l4HGQBS_Klc8T_I2e9CVP__3isBFgPJLdeIuA1Uq4Cm-VgAQ97x_zJJW-C2YcOgsLEMW_ifIe_Ee5CFCANyj-8HGQDC_UYZ_7_2yWFoBjkfJAdTx5B7Aiks8o7HwyT4Mvb93y3vDXYJyMkgDLIZRTMYn_BH9UbuMXuYS0CGhHn1_W-0KPxfbFf9XytmNarNILU4QdoZfrCCvOP1CHwiHywGkkMDAG2mEs1clvCvAAAAAElFTkSuQmCC','image/png');
INSERT INTO feed (feed_id,feed_title,feed_url,feed_last_modified,feed_fetched,feed_created_at,feed_icon,feed_icon_mimetype) VALUES (16,'active questions tagged spring - Stack Overflow','http://stackoverflow.com/feeds/tag/spring','Thu, 27 Mar 2014 14:14:45 GMT',3337,'2012-12-13T16:15:20Z','data:image/jpeg;base64,iVBORw0KGgoAAAANSUhEUgAAABAAAAAQCAYAAAAf8_9hAAABgklEQVR42mNgwAP-NzAwPU7TnvwkTec_EB-4navCzkAqABkC1LwWbEiqzkIGcsDdNGP-pyk6p6EuqSao4c1U9pzX09jqnk9iEIWJPUzSVXqSqvsUZMjTVO0InJof9zFwvp7CdvX1VLb_r6eyvnw1ja3m5WwGcbBchpbZkxS9H0BDfjxN1XXB6eePUxlU3k1jaXszjfUzxCD2129msDS_7xcQeJKt4fMkWf_P41TdRoJeed3PJfl2OkvTu2nMb99MZf3_ajrLm5cTuZqeVsr6gSzC0LCq0JJzbYVz8aoS18A15Y7a-xscOEDiV6eK8rycwln0fjrzo3fTmf5_m84gjdXGDZW2WmsrHP_D8Opypzcry1wPrC53bt1cYxVypFkn6G6PSCROJ68qd-HfWGkdtKHCrgWId24ot7sHpP-vr7D_v7YcaGCZ0_-V5W52GBpzc3L-gzA2Q2cWR4osKg-0WVzhlbK6wnXi4ip3SQz1yAIwNi6M1UKqGkAMwGkAqZgqBgAAeIYu17pPIhsAAAAASUVORK5CYII','image/png');
INSERT INTO feed (feed_id,feed_title,feed_url,feed_last_modified,feed_fetched,feed_created_at,feed_icon,feed_icon_mimetype) VALUES (17,'SpringSource.org','http://www.springsource.org/node/feed','Tue, 24 Sep 2013 21:43:44 GMT',186,'2013-01-19T09:45:43Z','data:image/jpeg;base64,iVBORw0KGgoAAAANSUhEUgAAABAAAAAQCAYAAAAf8_9hAAAB_UlEQVR42q2SXWvUQBSGg6j4E0S8abLJxmS3qRFkWRG7C1URxDst3ogi3qigLYilVCh0RUSwfiBYpCqu-BVEihW0VNvNTDduO5lJix8XXioi_oFiNcczWSK9UMHagZfJDOd5hjkTRVniCKL2Anu7u7AUdkU9Krs-y36uR4WBfwFX0aiYo9w95Yfm18kZFUjkji2vYGp26zYi3GMktE8TnuuhodNNhH2SCKcf13f80HpXYxmoMRUSAW_9mIDh-851hOcf15jxCTOPRT9qTI8xC5hvGIS0BJLwq2ktTgSh_V3ya0iYj9KCvwQhDSEVHk3oMN7QYh_FSl0Uu1KzlPwpEqYID40a4E3oSb3PzGUQUN7WaAp-DzXFavI99EyH814WXgTNfcqdL1LwYbFgMSTvK08dIRk4-zALXcMmjPgZuZ80sS5cT6Fi002fteBCjQOhwutIBTljk-D-OIIPDDhwxYITN0x4iiLKm7B8zmCuvF0JeIfuTbbyChaeuZuNu_GUI9c2QOdFC3ZUbNg_aMGlJ0YiTE-WocK5hy-4-v8Fchy9XnDL_c5Csc-GnRULDl41oa9qwO3nGRilGnY7bWQLzgZeo2248aZ97a9f-Hj18Pp9gx0XznmlvWPTpT0vw9Ihyou9VGy-jD2qEparTkUbbwVzW3pmZnflEVmZsj8Bvmzib7STTV8AAAAASUVORK5CYII','image/png');
INSERT INTO feed (feed_id,feed_title,feed_url,feed_last_modified,feed_fetched,feed_created_at,feed_icon,feed_icon_mimetype) VALUES (18,'Atlassian Blogs','http://feeds.feedburner.com/AllAtlassianBlogs','Thu, 27 Mar 2014 13:53:36 GMT',142,'2014-03-07T21:07:33Z','data:image/jpeg;base64,iVBORw0KGgoAAAANSUhEUgAAABAAAAAQCAYAAAAf8_9hAAABU0lEQVR42mNgwAHuCxgIMJALnnAbGDzj1V9PtgHPeHX3gzBZmp_z6sU_49X7D8Igl5Bhu959mAFPefXnk-F3iGYIhnjjOY-uPShMCAbscx69emQDYC6AGECEiyCBp_f_tbUG2ACQRoi4_vqXqtoQMWAY4TXgrbv6_3fBqhBX8OhNgBn6Y5n0_-eSuv_xRi9I8cds5f_fZsn-R_YKyMA_J8X_f4hX-Y87eguOO7Sb5l4HGQBS_Klc8T_I2e9CVP__3isBFgPJLdeIuA1Uq4Cm-VgAQ97x_zJJW-C2YcOgsLEMW_ifIe_Ee5CFCANyj-8HGQDC_UYZ_7_2yWFoBjkfJAdTx5B7Aiks8o7HwyT4Mvb93y3vDXYJyMkgDLIZRTMYn_BH9UbuMXuYS0CGhHn1_W-0KPxfbFf9XytmNarNILU4QdoZfrCCvOP1CHwiHywGkkMDAG2mEs1clvCvAAAAAElFTkSuQmCC','image/png');

INSERT INTO entry (entry_id,entry_feed_id,entry_title,entry_guid,entry_url,entry_content,entry_created_at) values (1001,2,'Party time','756 at http://Use-The-Index-Luke.com','http://Use-The-Index-Luke.com/blog/2013-03/Party-Time','content','2013-09-05T03:03:14Z');
INSERT INTO entry (entry_id,entry_feed_id,entry_title,entry_guid,entry_url,entry_content,entry_created_at) values (1002,2,'MySQL is to SQL like ??? to NoSQL','http://Use-The-Index-Luke.com','http://Use-The-Index-Luke.com/blog/2013-10/mysql-is-to-sql-like-mongodb-to-nosql','content','2013-10-01T10:10:02Z');
INSERT INTO entry (entry_id,entry_feed_id,entry_title,entry_guid,entry_url,entry_content,entry_created_at) values (1003,2,'I need your help!','785 at http://Use-The-Index-Luke.com','http://Use-The-Index-Luke.com/blog/2013-04/i-need-your-help','content','2013-10-23T03:03:26Z');
INSERT INTO entry (entry_id,entry_feed_id,entry_title,entry_guid,entry_url,entry_content,entry_created_at) values (1004,6,'Throwing Exceptions from Fields','http://www.javaspecialists.eu/archive/Issue208.html','http://www.javaspecialists.eu/archive/Issue208.html','content','2013-03-31T10:10:41Z');
INSERT INTO entry (entry_id,entry_feed_id,entry_title,entry_guid,entry_url,entry_content,entry_created_at) values (1005,6,'Livelocks from wait/notify','http://www.javaspecialists.eu/archive/Issue213.html','http://www.javaspecialists.eu/archive/Issue213.html','content','2013-09-20T08:08:03Z');
INSERT INTO entry (entry_id,entry_feed_id,entry_title,entry_guid,entry_url,entry_content,entry_created_at) values (1006,6,'CountingCompletionService','http://www.javaspecialists.eu/archive/Issue214.html','http://www.javaspecialists.eu/archive/Issue214.html','content','2013-10-10T08:08:26Z');
INSERT INTO entry (entry_id,entry_feed_id,entry_title,entry_guid,entry_url,entry_content,entry_created_at) values (1007,8,'photostream 53','tag:martinfowler.com,2013-09-07:photostream-53','http://martinfowler.com/photos/53.html','content','2013-09-07T04:04:05Z');
INSERT INTO entry (entry_id,entry_feed_id,entry_title,entry_guid,entry_url,entry_content,entry_created_at) values (1008,8,'Keynote from Goto Amsterdam','tag:martinfowler.com,2013-09-04:Keynote-from-Goto-Amsterdam','http://www.youtube.com/watch?v=TgdFA72crHM','content','2013-09-04T04:04:17Z');
INSERT INTO entry (entry_id,entry_feed_id,entry_title,entry_guid,entry_url,entry_content,entry_created_at) values (1009,8,'Bliki: TellDontAsk','http://martinfowler.com/bliki/TellDontAsk.html','http://martinfowler.com/bliki/TellDontAsk.html','content','2013-09-05T05:05:17Z');

INSERT INTO user_feed (user_feed_id,user_feed_unseen,user_feed_title,user_feed_tag,user_feed_user_id,user_feed_sum,user_feed_created_at,user_feed_feed_id) VALUES (1,1,'user1_subscription1','tag1',1,15,'2011-04-15T19:20:46Z',0);
INSERT INTO user_feed (user_feed_id,user_feed_unseen,user_feed_title,user_feed_tag,user_feed_user_id,user_feed_sum,user_feed_created_at,user_feed_feed_id) VALUES (2,0,'user1_subscription2','tag1',1,10,'2011-04-15T19:20:46Z',1);
INSERT INTO user_feed (user_feed_id,user_feed_unseen,user_feed_title,user_feed_tag,user_feed_user_id,user_feed_sum,user_feed_created_at,user_feed_feed_id) VALUES (3,0,'user1_subscription3','tag2',1,25,'2011-04-15T19:20:46Z',2);
INSERT INTO user_feed (user_feed_id,user_feed_unseen,user_feed_title,user_feed_tag,user_feed_user_id,user_feed_sum,user_feed_created_at,user_feed_feed_id) VALUES (4,0,'user1_subscription4',null,1,0,'2011-04-15T19:20:46Z',3);
INSERT INTO user_feed (user_feed_id,user_feed_unseen,user_feed_title,user_feed_tag,user_feed_user_id,user_feed_sum,user_feed_created_at,user_feed_feed_id) VALUES (5,0,'user1_subscription5','tag3',1,2,'2011-04-15T19:20:46Z',4);
INSERT INTO user_feed (user_feed_id,user_feed_unseen,user_feed_title,user_feed_tag,user_feed_user_id,user_feed_sum,user_feed_created_at,user_feed_feed_id) VALUES (6,0,'user2_subscription1','tag1',2,15,'2011-04-15T19:20:46Z',5);
INSERT INTO user_feed (user_feed_id,user_feed_unseen,user_feed_title,user_feed_tag,user_feed_user_id,user_feed_sum,user_feed_created_at,user_feed_feed_id) VALUES (7,0,'user2_subscription2','tag1',2,10,'2011-04-15T19:20:46Z',6);
INSERT INTO user_feed (user_feed_id,user_feed_unseen,user_feed_title,user_feed_tag,user_feed_user_id,user_feed_sum,user_feed_created_at,user_feed_feed_id) VALUES (8,0,'user2_subscription3',null,2,125,'2011-04-15T19:20:46Z',7);
INSERT INTO user_feed (user_feed_id,user_feed_unseen,user_feed_title,user_feed_tag,user_feed_user_id,user_feed_sum,user_feed_created_at,user_feed_feed_id) VALUES (9,0,'user2_subscription4','tag1',2,25,'2011-04-15T19:20:46Z',8);
INSERT INTO user_feed (user_feed_id,user_feed_unseen,user_feed_title,user_feed_tag,user_feed_user_id,user_feed_sum,user_feed_created_at,user_feed_feed_id) VALUES (10,0,'user2_subscription5',null,2,5,'2011-04-15T19:20:46Z',9);
INSERT INTO user_feed (user_feed_id,user_feed_unseen,user_feed_title,user_feed_tag,user_feed_user_id,user_feed_sum,user_feed_created_at,user_feed_feed_id) VALUES (11,0,'user2_subscription6','tag2',2,1,'2011-04-15T19:20:46Z',10);
INSERT INTO user_feed (user_feed_id,user_feed_unseen,user_feed_title,user_feed_tag,user_feed_user_id,user_feed_sum,user_feed_created_at,user_feed_feed_id) VALUES (12,0,'user3_subscription1','tag.with.dots',3,15,'2011-04-15T19:20:46Z',0);
INSERT INTO user_feed (user_feed_id,user_feed_unseen,user_feed_title,user_feed_tag,user_feed_user_id,user_feed_sum,user_feed_created_at,user_feed_feed_id) VALUES (13,0,'user3_subscription2','tagWith/Forward',3,15,'2011-04-15T19:20:46Z',1);
INSERT INTO user_feed (user_feed_id,user_feed_unseen,user_feed_title,user_feed_tag,user_feed_user_id,user_feed_sum,user_feed_created_at,user_feed_feed_id) VALUES (14,0,'user4_subscription1',null,4,15,'2011-04-15T19:20:46Z',2);
INSERT INTO user_feed (user_feed_id,user_feed_unseen,user_feed_title,user_feed_tag,user_feed_user_id,user_feed_sum,user_feed_created_at,user_feed_feed_id) VALUES (15,0,'user4_subscription2',null,4,15,'2011-04-15T19:20:46Z',6);

INSERT INTO user_feed_entry (user_feed_entry_id,user_feed_entry_is_read,user_feed_entry_tag,user_feed_entry_user_feed_id,user_feed_entry_entry_id,user_feed_entry_created_at) values (1001,0,'tag1',3,1001,'2011-04-15T19:20:46Z');
INSERT INTO user_feed_entry (user_feed_entry_id,user_feed_entry_is_read,user_feed_entry_tag,user_feed_entry_user_feed_id,user_feed_entry_entry_id,user_feed_entry_created_at) values (1002,1,'tag1',3,1002,'2011-04-15T19:20:46Z');
INSERT INTO user_feed_entry (user_feed_entry_id,user_feed_entry_is_read,user_feed_entry_tag,user_feed_entry_user_feed_id,user_feed_entry_entry_id,user_feed_entry_created_at) values (1003,0,'tag3',7,1001,'2011-04-15T19:20:46Z');
INSERT INTO user_feed_entry (user_feed_entry_id,user_feed_entry_is_read,user_feed_entry_tag,user_feed_entry_user_feed_id,user_feed_entry_entry_id,user_feed_entry_created_at) values (1004,1,'tag3',7,1002,'2011-04-15T19:20:46Z');
INSERT INTO user_feed_entry (user_feed_entry_id,user_feed_entry_is_read,user_feed_entry_tag,user_feed_entry_user_feed_id,user_feed_entry_entry_id,user_feed_entry_created_at) values (1005,1,'tag3',7,1003,'2011-04-15T19:20:46Z');
INSERT INTO user_feed_entry (user_feed_entry_id,user_feed_entry_is_read,user_feed_entry_tag,user_feed_entry_user_feed_id,user_feed_entry_entry_id,user_feed_entry_created_at) values (1006,0,null,8,1007,'2011-04-15T19:20:46Z');
INSERT INTO user_feed_entry (user_feed_entry_id,user_feed_entry_is_read,user_feed_entry_tag,user_feed_entry_user_feed_id,user_feed_entry_entry_id,user_feed_entry_created_at) values (1007,0,null,8,1008,'2011-04-15T19:20:46Z');
INSERT INTO user_feed_entry (user_feed_entry_id,user_feed_entry_is_read,user_feed_entry_tag,user_feed_entry_user_feed_id,user_feed_entry_entry_id,user_feed_entry_created_at) values (1008,0,null,8,1009,'2011-04-15T19:20:46Z');
INSERT INTO user_feed_entry (user_feed_entry_id,user_feed_entry_is_read,user_feed_entry_tag,user_feed_entry_user_feed_id,user_feed_entry_entry_id,user_feed_entry_created_at) values (1009,0,'tag1',14,1001,'2011-04-15T19:20:46Z');
INSERT INTO user_feed_entry (user_feed_entry_id,user_feed_entry_is_read,user_feed_entry_tag,user_feed_entry_user_feed_id,user_feed_entry_entry_id,user_feed_entry_created_at) values (1010,0,'tag2-tag3',14,1002,'2011-04-15T19:20:46Z');
INSERT INTO user_feed_entry (user_feed_entry_id,user_feed_entry_is_read,user_feed_entry_tag,user_feed_entry_user_feed_id,user_feed_entry_entry_id,user_feed_entry_created_at) values (1011,0,'tag4 tag5',14,1003,'2011-04-15T19:20:46Z');
INSERT INTO user_feed_entry (user_feed_entry_id,user_feed_entry_is_read,user_feed_entry_tag,user_feed_entry_user_feed_id,user_feed_entry_entry_id,user_feed_entry_created_at) values (1012,0,'tag6,tag7',14,1004,'2011-04-15T19:20:46Z');
INSERT INTO user_feed_entry (user_feed_entry_id,user_feed_entry_is_read,user_feed_entry_tag,user_feed_entry_user_feed_id,user_feed_entry_entry_id,user_feed_entry_created_at) values (1013,0,'tag8Tag9',14,1005,'2011-04-15T19:20:46Z');

INSERT INTO exclusion_pattern (id,pattern,hit_count,exclusion_pattern_user_feed_id) values (0,'user1_subscription1_pattern1',1,1);
INSERT INTO exclusion_pattern (id,pattern,hit_count,exclusion_pattern_user_feed_id) values (1,'user1_subscription1_pattern2',1,1);
INSERT INTO exclusion_pattern (id,pattern,hit_count,exclusion_pattern_user_feed_id) values (2,'user1_subscription2_pattern1',1,2);
INSERT INTO exclusion_pattern (id,pattern,hit_count,exclusion_pattern_user_feed_id) values (3,'user1_subscription2_pattern2',0,2);
INSERT INTO exclusion_pattern (id,pattern,hit_count,exclusion_pattern_user_feed_id) values (4,'user2_subscription1_pattern1',1,6);
